<addon id="plugin.video.C0mmand" name="C0mmand Pr0 IPTV" version="1.47.0" provider-name="C0mmand">
<requires>
<import addon="xbmc.python" version="2.1.0"/>
<import addon="script.module.simplejson" version="3.3.0"/>
<import addon="script.module.urlresolver"  version="2.1.2"/>
<import addon="script.module.addon.common" />
</requires>
<extension point="xbmc.python.pluginsource" library="default.py">
<provides>video</provides>
</extension>
<extension point="xbmc.addon.metadata">
<summary lang="en"/>
<language>en</language>
<description lang="en">The Addon has been #Test Launched.......
Testing the ****VIP****</description>
<platform>all</platform>
</extension>
</addon>
