<?xml version="1.0" encoding="UTF-8" standalone="yes"?>
<addon id="plugin.video.Xtream-Codes"
       name="C0mmand Pr0 TV"
       version="10.1.1"
       provider-name="C0mmandPipcan">
  <requires>
    <import addon="xbmc.python" version="2.1.0"/>
  </requires>
  <extension point="xbmc.python.pluginsource"
            library="default.py">
        <provides>video</provides>
  </extension>
  <extension point="xbmc.addon.metadata">
    <summary lang="en">#Launched....</summary>
    <language>en</language>
    <description lang="en"></description>
     <platform>all</platform>
  </extension>
</addon>
