<?xml version="1.0" encoding="UTF-8" standalone="yes"?>
<addon id="plugin.video.easychannels" name="iWantTV" version="1.6" provider-name="pipcan-C0mmand">
  <requires>
    <import addon="xbmc.python" version="2.1.0" />
  </requires>
  <extension point="xbmc.python.pluginsource"
            library="default.py">
        <provides>video</provides>
  </extension>
  <extension point="xbmc.addon.metadata">
    <platform>all</platform>
    <summary>Watch Free TV</summary>
    <description>Just enjoy back on your counch and watch iWantTV....</description>
  </extension>
</addon>
