<?xml version="1.0" encoding="UTF-8" standalone="yes"?>
<addon id="plugin.video.T-Rexwizard" name="T-Rex Wizard" version="1.0.0" provider-name="Techrex1200">
  <requires>
    <import addon="xbmc.python" version="2.1.0"/>
  </requires>
  <extension point="xbmc.python.pluginsource" library="default.py">
        <provides>video executable</provides>
  </extension>
  <extension point="xbmc.addon.metadata">
    <summary lang="en">Premium Exclusive Wizard</summary>
    <description lang="en">Full Of Goodies Paid Wizard</description>
	<website>http://VIP.com</website>
    <platform>all</platform>
  </extension>
</addon>
